ZIP,CBSA,RES_RATIO,BUS_RATIO,OTH_RATIO,TOT_RATIO
90266,31084,1.000000000,1.000000000,1.000000000,1.000000000
79553,10180,0.980501393,0.935018051,1.000000000,0.974809886